UserId,UserName,Gender
101,Paddy Dawson,Male
102,Jarrod Dennis,Male
103,Jenna Burrows,Male
104,Kailum Talley,Male
105,Evangeline Owen,Male
106,Willie Kavanagh,Male
107,Claire Nguyen,Male
108,Enoch Gill,Male
109,Marlie Parkes,Male
110,Tony Stout,Male
111,Harleigh Lawrence,Male
112,Paris Gaines,Male
113,Huey Burris,Male
114,Gerard Naylor,Male
115,Bryce Horne,Male
116,Walter Miles,Male
117,Nikolas Cope,Male
118,Dana Weiss,Male
119,Sahib Cervantes,Male
120,Usaamah Kennedy,Male
121,Imani Sawyer,Male
122,Andrea Faulkner,Male
123,Lawrence Metcalfe,Male
124,Tashan Nielsen,Male
125,Khalil Stacey,Male
126,Colin Welsh,Male
127,Cheyenne Correa,Male
128,Samson Bond,Male
129,Ocean Gonzales,Male
130,Asim Amin,Male
131,Aoife Strickland,Male
132,Deniz Knight,Male
133,Cairon Webster,Male
134,Seren Rees,Male
135,King Becker,Male
136,Zackery Cousins,Male
137,Ishaan Rodgers,Male
138,Elvis Mcbride,Male
139,Tyler Sutherland,Male
140,Jeff Hanson,Male
141,Reid Bishop,Male
142,Shaan Hammond,Male
143,Ieuan Beach,Male
144,Paolo Farrow,Male
145,Willard Harrison,Male
146,Lacy Gordon,Male
147,Abdulahi Heath,Male
148,Aryan Hilton,Male
149,Edgar Hooper,Male
150,Laurence Hollis,Male
151,Kurt Goldsmith,Male
152,Carson Ponce,Male
153,Grover Deleon,Male
154,Jerome Stokes,Male
155,Jayden-Lee Ellison,Male
156,Brandan Denton,Male
157,Teo Forbes,Male
158,Bruno David,Male
159,Amal Kirk,Male
160,Neel Galindo,Male
161,Hisham Rivera,Male
162,Colm Hanna,Male
163,Subhaan Gunn,Male
164,Stanislaw Mccormack,Male
165,Kelsey Morse,Male
166,Emmett Kelly,Male
167,Reggie Connolly,Male
168,Emanuel Wright,Male
169,Hallam Handley,Male
170,Ainsley Joyce,Male
171,Rosemarie Marriott,Male
172,Brady Berger,Male
173,Miller Bryant,Male
174,Saif Cuevas,Male
175,Iwan Vang,Male
176,Cade Reyes,Male
177,Alastair Wade,Male
178,Dean Charles,Male
179,Anish Smith,Male
180,Amar Crouch,Male
181,Ryan Whitaker,Male
182,Earl Huerta,Male
183,Jez Cooke,Male
184,Aarush Dougherty,Male
185,Ravinder Carrillo,Male
186,Emerson Short,Male
187,Taran Hensley,Male
188,Oakley Bernard,Male
189,Aarav Leach,Male
190,Jonah Patterson,Male
191,Federico Villa,Male
192,Vinnie Hastings,Male
193,Kymani Stephens,Male
194,Craig Miller,Male
195,Daanyal Camacho,Male
196,Freddy Krause,Male
197,Gurveer Yang,Male
198,Gus Greenwood,Male
199,Md Davies,Male
200,Ismail Cook,Male
201,Jaeden Ball,Male
202,Arjun Mcbride,Male
203,Anthony Bone,Male
204,Austin Goddard,Male
205,Vivian Bautista,Male
206,Destiny Brown,Male
207,Marley Busby,Male
208,Alfred Blair,Male
209,Yuvaan Velazquez,Male
210,Riaan Montgomery,Male
211,Ashleigh Ortega,Male
212,Ryder Cuevas,Male
213,Julien Giles,Male
214,Zaine Watts,Male
215,Dale Branch,Male
216,Kiefer Ryan,Male
217,Farah Rosario,Male
218,Ellis Ratliff,Male
219,Bob Crane,Male
220,Alyx Sanford,Male
221,Frederick O'Doherty,Male
222,Anil Witt,Male
223,Remi Tapia,Male
224,Frank Bruce,Male
225,Kofi Cote,Male
226,Theo Pate,Male
227,Louis Andrews,Male
228,Ross Greig,Male
229,Emyr Horn,Male
230,Arthur Fernandez,Male
231,Hadi Farmer,Male
232,Jaden Calderon,Male
233,Cole Holt,Male
234,Jareth Henry,Male
235,Presley Drake,Male
236,Tyriq Noble,Male
237,Faraz Barry,Male
238,Antonio Carroll,Male
239,Yaseen Chambers,Male
240,Kylan Nielsen,Male
241,Harry Lutz,Male
242,Sohail Sumner,Male
243,Kevin Allan,Male
244,Saqlain Atherton,Male
245,Dev Dickens,Male
246,Ismaeel Blackwell,Male
247,Byron Thorne,Male
248,Shivam Coles,Male
249,Bertram Wainwright,Male
250,Noa Carver,Male
251,Gwion Howell,Male
252,Ayaz Delgado,Male
253,Braiden Choi,Male
254,Eren Jaramillo,Male
255,Christopher Sweet,Male
256,Logan Avery,Male
257,Zakaria Garza,Male
258,Lynden Mclaughlin,Male
259,Tyron Weber,Male
260,Adrian Galindo,Male
261,Guy Griffiths,Male
262,Devante Serrano,Male
263,Reyansh Spencer,Male
264,Mekhi Scott,Male
265,Pedro Iles,Male
266,Kishan Maxwell,Male
267,Issa Carter,Male
268,Cai Maldonado,Male
269,Chay Mac,Male
270,Kavan Smith,Male
271,Noel Montes,Male
272,Richard Churchill,Male
273,Rayhaan Singh,Male
274,Kade Wang,Male
275,Amit Haney,Male
276,Maddox Hassan,Male
277,Zakk Hanson,Male
278,Esme Thorpe,Male
279,Jagdeep Barnes,Male
280,Stella Thomson,Male
281,Shane Melendez,Male
282,Murat Frazier,Male
283,Suhayb Sheldon,Male
284,Trinity Cousins,Male
285,Owain Butt,Male
286,Suraj Heath,Male
287,Arian Roberts,Male
288,Bodhi Wagstaff,Male
289,Allan Ho,Male
290,Rikki Ross,Male
291,Nabeel Vinson,Male
292,Ehsan Petty,Male
293,Neel Foster,Male
294,Gurpreet Gordon,Male
295,Jaheim Hoffman,Male
296,Domonic Lucero,Male
297,Aled Peters,Male
298,Codey Parker,Male
299,Maxim Blake,Male
300,Che Hirst,Male
301,Stuart Lugo,Male
302,Jonathan Jarvis,Male
303,Shayaan Donnelly,Male
304,Piotr Francis,Male
305,Rhodri Trevino,Male
306,Harlee Whitmore,Male
307,Benn Legge,Male
308,Rory Ventura,Male
309,Jamie-Leigh Heath,Male
310,Benedict Rudd,Male
311,Asad Piper,Male
312,Jacque Meza,Male
313,Melvin Oconnor,Male
314,Lachlan O'Ryan,Male
315,Tariq Guzman,Male
316,Jean-Luc Mccabe,Male
317,Ammaar Coleman,Male
318,Jago Walmsley,Male
319,Ben Goff,Male
320,Killian Graham,Male
321,Shaurya Stone,Male
322,Harlen Barnard,Male
323,Tyler-James Conroy,Male
324,Vivaan Eastwood,Male
325,Andy Clifford,Male
326,Javan Ryder,Male
327,Mali Gates,Male
328,Murray Eaton,Male
329,Edan Espinoza,Male
330,Charity Paine,Male
331,Berat Watkins,Male
332,Saqlain Macleod,Male
333,Allan Higgs,Male
334,Gwion Cote,Male
335,Dominique Lindsey,Male
336,Troy English,Male
337,Hal Puckett,Male
338,Ewan Quintero,Male
339,Eisa Walker,Male
340,Quentin Bains,Male
341,Cain Irving,Male
342,Griffin Lang,Male
343,Yasser Corrigan,Male
344,Ksawery Hope,Male
345,Shuaib Mcpherson,Male
346,Cruz Dunlop,Male
347,Wilbur Chester,Male
348,Rhyley Drew,Male
349,Zachery Weeks,Male
350,Karis Watson,Male
351,Jo Forrest,Male
352,Hudson Goldsmith,Male
353,Noel Wheatley,Male
354,Jaye Sargent,Male
355,Tayyib Akhtar,Male
356,Lawrence Escobar,Male
357,Douglas Hudson,Male
358,Raheel Armstrong,Male
359,Larry Allman,Male
360,Fallon Levine,Male
361,Lee Hardin,Male
362,Calum Burrows,Male
363,Kallum Amin,Male
364,Adnaan Pemberton,Male
365,Harris Swanson,Male
366,Kelan Bassett,Male
367,Augustus Naylor,Male
368,Zayyan Decker,Male
369,Sunil Crane,Male
370,Shea Bradley,Male
371,Emanuel Garcia,Male
372,Liam Harper,Male
373,Casey Gardner,Male
374,Mayur Sloan,Male
375,Nathanael Nicholson,Male
376,Shyam Glass,Male
377,Riley-James Sharp,Male
378,Riaan Colon,Male
379,Jeremy Bell,Male
380,Aydin Whitley,Male
381,Derrick Russo,Male
382,Roberto Raymond,Male
383,Darryl Cullen,Male
384,Tate Cabrera,Male
385,Maddison Langley,Male
386,Rome Ayala,Male
387,Freddy Vo,Male
388,Payton Estes,Male
389,Beauden Dotson,Male
390,Jaydon Barrow,Male
391,Finn Mill,Male
392,Idrees Pittman,Male
393,Ahmet Finney,Male
394,Jerome Delacruz,Male
395,Reginald Harmon,Male
396,Falak Donald,Male
397,Jamie Cash,Male
398,Kye Jeffery,Male
399,Gruffydd Norton,Male
400,Franco Kane,Male
401,Usmaan Silva,Male
402,Balraj Hewitt,Male
403,Danny Donovan,Male
404,Colin Oconnell,Male
405,Ebrahim Mejia,Male
406,Atif Bruce,Male
407,Arbaaz Chadwick,Male
408,Richard Cooper,Male
409,Dawud Monaghan,Male
410,Lyndon Iles,Male
411,Axl Whitney,Male
412,Dawson Espinosa,Male
413,Tayler Macias,Male
414,Tyreece Barlow,Male
415,Arnav Puckett,Male
416,Leighton Croft,Male
417,Jacob Joseph,Male
418,Carwyn Prince,Male
419,Akbar Browning,Male
420,Abdurahman Flowers,Male
421,Jesus Thomas,Male
422,Maxime Whitworth,Male
423,Shelly Bone,Male
424,Corban Wilson,Male
425,Adam Lindsay,Male
426,Cristian Bain,Male
427,Vlad Aguilar,Male
428,Maksim Delacruz,Male
429,Roan Bloom,Male
430,Lara Patel,Male
431,Jevon Davies,Male
432,Finnian Herman,Male
433,Findlay Noble,Male
434,Glenn Craft,Male
435,Jesse Schultz,Male
436,Arun Fountain,Male
437,Ishmael Romero,Male
438,Tobi Kouma,Male
439,Albie Gray,Male
440,Musa Drake,Male
441,Johnathan Howarth,Male
442,Luke Rees,Male
443,Jaxson Hernandez,Male
444,Shakeel Hulme,Male
445,Mac Timms,Male
446,Alix Chamberlain,Male
447,Federico Fletcher,Male
448,Oskar Cottrell,Male
449,Mikhail Wills,Male
450,Gerard Burn,Male
451,Eamonn Charlton,Male
452,Onur Robins,Male
453,Faraz Mcnamara,Male
454,Fynn Blake,Male
455,Neil Duke,Male
456,Abdul Mcdowell,Male
457,Aden Mcculloch,Male
458,Jorgie Gough,Male
459,Laurie Richardson,Male
460,Asif Brennan,Male
461,Che Gay,Male
462,Sultan Hawes,Male
463,Hamzah Esparza,Male
464,Elena Farrell,Male
465,Rayhaan Mcneil,Male
466,Harleigh Bell,Male
467,Krzysztof Markham,Male
468,Hamish Knox,Male
469,Leonard Hayes,Male
470,Evan May,Male
471,Enzo David,Male
472,Bert Joyner,Male
473,Perry Callaghan,Male
474,Thomas O'Sullivan,Male
475,Trinity Braun,Male
476,Amos Johnston,Male
477,Gus Jeffery,Male
478,Jeevan Mcpherson,Male
479,Shabaz Chambers,Male
480,Jonathan Page,Male
481,Johnathon Hendricks,Male
482,Mahi Aldred,Male
483,Ali Chavez,Male
484,Jermaine Draper,Male
485,Jeffery Burch,Male
486,Abraham Woods,Male
487,Harlan Dominguez,Male
488,Harry Everett,Male
489,Rikesh Cleveland,Male
490,Ptolemy Rubio,Male
491,Jody Banks,Male
492,Cayden Osborne,Male
493,Garfield Hull,Male
494,Vladimir Higgins,Male
495,Ariel Crosby,Male
496,Issac Hook,Male
497,Marcos Lozano,Male
498,Noah Currie,Male
499,Alfie Duncan,Male
500,Leroy Guest,Male
501,Ayman Schofield,Female
502,Kristen Timms,Female
503,Sultan Davies,Female
504,Sorcha Wallace,Female
505,Rogan Nunez,Female
506,Mindy Sears,Female
507,Erin Houston,Female
508,Maleeha Harwood,Female
509,Aliyah Parrish,Female
510,Umaiza French,Female
511,Elsie-May Wallis,Female
512,Renesmee Rooney,Female
513,Rivka Bowman,Female
514,Katey Hodson,Female
515,Jemimah Buxton,Female
516,Amman Weaver,Female
517,Cassandra Franco,Female
518,Mary Soto,Female
519,Lacey-Mai Moran,Female
520,Paula Fry,Female
521,Lennie Zamora,Female
522,Virginia Field,Female
523,Bo Massey,Female
524,Lilli Jenkins,Female
525,Gabija Metcalfe,Female
526,Janice Casey,Female
527,Caden Dominguez,Female
528,Patsy Charles,Female
529,Priya Ball,Female
530,Imani Washington,Female
531,Kieran Rossi,Female
532,Adele Oliver,Female
533,Audrey Barnett,Female
534,Cadi Whelan,Female
535,Eadie Owen,Female
536,Elysia Reyes,Female
537,Genevieve Haigh,Female
538,Celia Enriquez,Female
539,Luka Blankenship,Female
540,Siana Valencia,Female
541,Yasemin Berry,Female
542,Adeline Morley,Female
543,Octavia Bartlett,Female
544,Kiri Dotson,Female
545,Marguerite Hamilton,Female
546,Nazifa Mcbride,Female
547,Lacey-May Coombes,Female
548,Rihanna Gregory,Female
549,Milli Begum,Female
550,Eliot Dunlop,Female
551,Debra Davis,Female
552,Maaria Beard,Female
553,Alanah Vaughan,Female
554,Melinda Nichols,Female
555,Jayden Duggan,Female
556,Arabella Cochran,Female
557,Keelan Marriott,Female
558,Tazmin Conley,Female
559,Huma Lee,Female
560,Alessia Daniel,Female
561,Dione Paul,Female
562,Elora Potter,Female
563,Zaynab Warren,Female
564,Hayley Cruz,Female
565,Elaine Shaffer,Female
566,Phyllis Olson,Female
567,Alayah Alfaro,Female
568,Gracie Arroyo,Female
569,Aneesah Irving,Female
570,Evelyn Graham,Female
571,Shantelle Nicholson,Female
572,Reema Ortega,Female
573,Jaden Stott,Female
574,Tiarna Bruce,Female
575,Jaydan Price,Female
576,Ikrah Trujillo,Female
577,Jiya Banks,Female
578,Liana Hays,Female
579,Kitty Weeks,Female
580,Asmaa Blackburn,Female
581,Sadie Doherty,Female
582,Oriana Tierney,Female
583,Neha Hurley,Female
584,Fay Bob,Female
585,Divine Mcclure,Female
586,Alena Mahoney,Female
587,Catrina Noble,Female
588,Hilary Herman,Female
589,Lenny Robins,Female
590,Patience Derrick,Female
591,Hira Wilkerson,Female
592,Kaja Holden,Female
593,Evie-Grace Curtis,Female
594,Aden Kent,Female
595,Susanna Reed,Female
596,Barbara Mohamed,Female
597,Jennie Mcgowan,Female
598,Alyx Gardiner,Female
599,Fariha Little,Female
600,Kofi Mack,Female
601,Kobie Mcdonnell,Female
602,Ivy Ashley,Female
603,Robbie Ahmad,Female
604,Katherine Greer,Female
605,Cataleya Byrd,Female
606,Carson Blake,Female
607,Alissia Chambers,Female
608,Aya Duran,Female
609,Jordon Underwood,Female
610,Diana Marks,Female
611,Georga Proctor,Female
612,Isabella Holcomb,Female
613,Phillippa Prentice,Female
614,Amy Gregory,Female
615,Justine Scott,Female
616,Eesha Farley,Female
617,Arielle Chadwick,Female
618,Sonya Franco,Female
619,Macauley Stein,Female
620,Samirah Doherty,Female
621,Jennie Hardy,Female
622,Ayisha Walton,Female
623,Latisha Simons,Female
624,Bailey Booker,Female
625,Amirah Richard,Female
626,Ocean Dean,Female
627,Violet Curry,Female
628,Aleisha Mccormick,Female
629,Esmai Finch,Female
630,Mariyam Winter,Female
631,Emma-Louise Parra,Female
632,Aiysha Frost,Female
633,Mylie Franklin,Female
634,Salma Harding,Female
635,Kaia Molina,Female
636,Rosalind Sutherland,Female
637,Naomi Mansell,Female
638,Sarina Gilliam,Female
639,Ellie-Louise Turnbull,Female
640,Lexi Spears,Female
641,Mylah Waller,Female
642,Anwar Newman,Female
643,Kaylen Heath,Female
644,Dante Lawson,Female
645,Nella Walters,Female
646,Amar Maxwell,Female
647,Nancy Sampson,Female
648,Kiera Reed,Female
649,Anisha Seymour,Female
650,Jane Bradford,Female
651,Ruby-Rose Martinez,Female
652,Giselle Moran,Female
653,Jillian Fitzpatrick,Female
654,Harlow Brady,Female
655,Lily-Rose Gillespie,Female
656,Leoni Amin,Female
657,Lexi-May Bob,Female
658,Adriana Pruitt,Female
659,Elleanor Hodge,Female
660,Opal Hurley,Female
661,Maaria Alfaro,Female
662,Tegan Crossley,Female
663,Weronika Beard,Female
664,Miriam Power,Female
665,Carolina Haynes,Female
666,Amy-Louise Pitts,Female
667,Zunairah Poole,Female
668,Kaycee Stubbs,Female
669,Tonicha Velez,Female
670,Anisa Fulton,Female
671,Fatma Hills,Female
672,Luisa Langley,Female
673,Jacqueline Lucas,Female
674,Zoya Henry,Female
675,Camden Bell,Female
676,Chantelle Vickers,Female
677,Daniela Alvarez,Female
678,Louisa Dotson,Female
679,Keelan Delarosa,Female
680,Sommer Chandler,Female
681,Eman Walter,Female
682,Winnie Fields,Female
683,Serenity Oconnell,Female
684,Riya Solomon,Female
685,Ellena Boyer,Female
686,Annabell Sanchez,Female
687,Zion Schofield,Female
688,Rikki Talley,Female
689,Clare Clements,Female
690,Amanah Moreno,Female
691,Macey Lam,Female
692,Rebeca Watt,Female
693,Davina Larson,Female
694,Etienne Dunkley,Female
695,Elinor Burn,Female
696,Taya Vincent,Female
697,Persephone Mays,Female
698,Rumaysa Sherman,Female
699,Tala Noble,Female
700,Lennon Britton,Female
701,Meghan Jones,Female
702,Kennedy Davie,Female
703,Zaara Stubbs,Female
704,Catherine Dunn,Female
705,Sian Garza,Female
706,Stacie Levy,Female
707,Zainab Hansen,Female
708,Avery Bond,Female
709,Nadia Castillo,Female
710,Lois Page,Female
711,Sidra Harrell,Female
712,Lilli Hernandez,Female
713,Skyla Allan,Female
714,Siyana Draper,Female
715,Michelle Wolf,Female
716,Hanifa Odom,Female
717,Leen Munoz,Female
718,Kristie Reynolds,Female
719,Larissa Schmitt,Female
720,Fern Mendez,Female
721,Oluwatobiloba Wharton,Female
722,Freddie Downs,Female
723,Ammara Beard,Female
724,Michaela Mccabe,Female
725,Emily-Jane Parsons,Female
726,Eleasha Howell,Female
727,Neriah Cook,Female
728,Joss Sadler,Female
729,Mattie Lacey,Female
730,Ebonie Buckner,Female
731,Liana West,Female
732,Corey Iles,Female
733,Zoey Nguyen,Female
734,Annalise Moss,Female
735,Zephaniah Thorne,Female
736,Olivia-Rose Durham,Female
737,Amalie Valencia,Female
738,Daria Jacobs,Female
739,Madina Cantrell,Female
740,Sannah Traynor,Female
741,Janet Fox,Female
742,Blessing Newman,Female
743,Kirsty Norris,Female
744,Hiba Stafford,Female
745,Miller Steadman,Female
746,Farhana Duran,Female
747,Cara Mccormack,Female
748,Corrie Armitage,Female
749,Cade Carver,Female
750,Wendy Rayner,Female
751,Kate Hale,Female
752,Kristen Galindo,Female
753,Lily-Mai Mcbride,Female
754,Giselle Yates,Female
755,Jazmin Lovell,Female
756,Francis Bradford,Female
757,Liliana Miller,Female
758,Mildred Gallagher,Female
759,Brianna Haigh,Female
760,Reilly Alston,Female
761,Maxime Kent,Female
762,Christina Dennis,Female
763,Devon Atkins,Female
764,Inaayah Villanueva,Female
765,Sinead Vaughn,Female
766,Darla Beck,Female
767,Maira Sheldon,Female
768,Rahma Edmonds,Female
769,Macy Carney,Female
770,Sukhmani Medrano,Female
771,Gemma Schofield,Female
772,Kenya Stott,Female
773,Monique Turner,Female
774,Hania Cash,Female
775,Kajal Mcfarlane,Female
776,Maegan Hutchinson,Female
777,Hanan Hagan,Female
778,Margaret Regan,Female
779,Ayah Mcguire,Female
780,Florrie Cisneros,Female
781,Lana Searle,Female
782,Aishah Ewing,Female
783,Jacqueline Rocha,Female
784,Juno Hodson,Female
785,Marissa Potts,Female
786,Adele Emery,Female
787,Eva Gough,Female
788,Margo Goldsmith,Female
789,Freyja Dougherty,Female
790,Shane Tang,Female
791,Anisa Andrews,Female
792,Mandy Brett,Female
793,Imani Dominguez,Female
794,Melisa Merrill,Female
795,Harri Talbot,Female
796,Aisha Lim,Female
797,Kendra Houston,Female
798,Tye Riggs,Female
799,Pixie Hopkins,Female
800,Lubna Portillo,Female
801,Ela Forster,Female
802,Moesha Rogers,Female
803,Kristen Goddard,Female
804,Jamie-Leigh Porter,Female
805,Leticia Leal,Female
806,Winnie Gill,Female
807,Sarah-Jayne Lam,Female
808,Lizzie Leach,Female
809,Zaynah Hamilton,Female
810,Joey Hull,Female
811,Liyah Greenwood,Female
812,Delia Cisneros,Female
813,Aliza Thomas,Female
814,Hibba Winters,Female
815,Helen Holt,Female
816,Jordyn Reese,Female
817,Cassandra Povey,Female
818,Aurora Lancaster,Female
819,Carley Dotson,Female
820,Anna Melton,Female
821,Jett Caldwell,Female
822,Lila Hopper,Female
823,Nyla Kearney,Female
824,Lilli Draper,Female
825,Cydney Finney,Female
826,Jess Duran,Female
827,Dottie Alston,Female
828,Iga Rosa,Female
829,Naya Jordan,Female
830,Elsie-May Swanson,Female
831,Sahara Callaghan,Female
832,Viktoria Avila,Female
833,Bryn Crawford,Female
834,Hailie Guevara,Female
835,Elsie-Rose Lu,Female
836,Ellouise Mccarty,Female
837,Shivani Branch,Female
838,Ayman Cline,Female
839,Effie Seymour,Female
840,Tessa Sutton,Female
841,Umaiza Proctor,Female
842,Avni Mustafa,Female
843,Bluebell Sharples,Female
844,Katelyn Brandt,Female
845,Lilly-Grace Hopkins,Female
846,Bo Higgs,Female
847,Emily-Jane Guy,Female
848,Karina Dolan,Female
849,Aleesha Stubbs,Female
850,Rhiana Clements,Female
851,Ruby Holmes,Female
852,Ebonie Dowling,Female
853,Liana Villanueva,Female
854,Adina Castaneda,Female
855,Aaliyah Bullock,Female
856,Tianna Stokes,Female
857,Hayden Rees,Female
858,Chloe Medrano,Female
859,Juanita Tate,Female
860,Pamela Woodcock,Female
861,Shaan Little,Female
862,Mandy Burt,Female
863,Shanna Chang,Female
864,Erica Tillman,Female
865,Madiha Byrne,Female
866,Joely Houghton,Female
867,Mira Burnett,Female
868,Olivia-Rose Cordova,Female
869,Umaima Cote,Female
870,Layan Paterson,Female
871,Primrose Frame,Female
872,Kofi Rowe,Female
873,Eilidh Golden,Female
874,Talitha Mckinney,Female
875,Chyna Robins,Female
876,Weronika Hilton,Female
877,Keavy Giles,Female
878,Della Finley,Female
879,Gwen Anderson,Female
880,Cecily Bowes,Female
881,Ariana Allen,Female
882,Sierra Lowry,Female
883,Ana Salazar,Female
884,Lauryn Woods,Female
885,Humera Findlay,Female
886,Wade Ingram,Female
887,Ariyah Mccullough,Female
888,Madelyn Ball,Female
889,Athena Stuart,Female
890,Eve Griffith,Female
891,Mikayla Kirkland,Female
892,Esmae Beech,Female
893,Lottie Wiley,Female
894,Blaine Richards,Female
895,Abbie Murphy,Female
896,Aniyah Puckett,Female
897,Laylah Morrow,Female
898,Kirstin Williams,Female
899,Hoorain Hunter,Female
900,Mae Burgess,Female
